team,home_matches,home_goals_for,home_goals_against,home_wins,home_draws,away_matches,away_goals_for,away_goals_against,away_wins,away_draws,total_matches,total_goals_for,total_goals_against,total_wins,total_draws,total_losses,win_rate,goals_per_game,goals_conceded_per_game,goal_diff_per_game
Mexico,172.0,282.0,143.0,95.0,46.0,108.0,164.0,123.0,56.0,18.0,280.0,446.0,266.0,151.0,64.0,65.0,0.539,1.593,0.95,0.643
USA,182.0,359.0,175.0,110.0,29.0,70.0,89.0,91.0,23.0,20.0,252.0,448.0,266.0,133.0,49.0,70.0,0.528,1.778,1.056,0.722
Qatar,160.0,278.0,157.0,81.0,35.0,86.0,103.0,125.0,29.0,21.0,246.0,381.0,282.0,110.0,56.0,80.0,0.447,1.549,1.146,0.402
Iraq,124.0,174.0,109.0,64.0,34.0,109.0,104.0,120.0,35.0,34.0,233.0,278.0,229.0,99.0,68.0,66.0,0.425,1.193,0.983,0.21
Panama,104.0,185.0,87.0,57.0,27.0,126.0,134.0,191.0,40.0,30.0,230.0,319.0,278.0,97.0,57.0,76.0,0.422,1.387,1.209,0.178
Costa Rica,101.0,165.0,93.0,52.0,28.0,129.0,133.0,180.0,34.0,37.0,230.0,298.0,273.0,86.0,65.0,79.0,0.374,1.296,1.187,0.109
Jordan,122.0,211.0,96.0,61.0,35.0,107.0,123.0,142.0,35.0,30.0,229.0,334.0,238.0,96.0,65.0,68.0,0.419,1.459,1.039,0.419
Bahrain,136.0,190.0,132.0,58.0,37.0,90.0,91.0,110.0,30.0,25.0,226.0,281.0,242.0,88.0,62.0,76.0,0.389,1.243,1.071,0.173
Korea Republic,127.0,245.0,103.0,80.0,26.0,99.0,130.0,119.0,42.0,23.0,226.0,375.0,222.0,122.0,49.0,55.0,0.54,1.659,0.982,0.677
Saudi Arabia,118.0,167.0,109.0,57.0,27.0,107.0,130.0,132.0,36.0,26.0,225.0,297.0,241.0,93.0,53.0,79.0,0.413,1.32,1.071,0.249
Japan,149.0,343.0,142.0,91.0,28.0,76.0,130.0,64.0,43.0,13.0,225.0,473.0,206.0,134.0,41.0,50.0,0.596,2.102,0.916,1.187
Oman,122.0,175.0,94.0,62.0,35.0,102.0,97.0,123.0,32.0,30.0,224.0,272.0,217.0,94.0,65.0,65.0,0.42,1.214,0.969,0.246
Argentina,129.0,277.0,77.0,92.0,26.0,84.0,148.0,80.0,46.0,21.0,213.0,425.0,157.0,138.0,47.0,28.0,0.648,1.995,0.737,1.258
France,122.0,273.0,93.0,83.0,21.0,89.0,135.0,84.0,48.0,23.0,211.0,408.0,177.0,131.0,44.0,36.0,0.621,1.934,0.839,1.095
Honduras,99.0,137.0,97.0,47.0,20.0,112.0,105.0,184.0,20.0,39.0,211.0,242.0,281.0,67.0,59.0,85.0,0.318,1.147,1.332,-0.185
Brazil,121.0,264.0,77.0,84.0,25.0,89.0,171.0,66.0,53.0,18.0,210.0,435.0,143.0,137.0,43.0,30.0,0.652,2.071,0.681,1.39
Germany,124.0,311.0,135.0,72.0,27.0,86.0,178.0,95.0,53.0,18.0,210.0,489.0,230.0,125.0,45.0,40.0,0.595,2.329,1.095,1.233
Spain,109.0,302.0,71.0,82.0,18.0,101.0,185.0,87.0,60.0,25.0,210.0,487.0,158.0,142.0,43.0,25.0,0.676,2.319,0.752,1.567
South Africa,140.0,200.0,94.0,69.0,53.0,67.0,83.0,68.0,23.0,25.0,207.0,283.0,162.0,92.0,78.0,37.0,0.444,1.367,0.783,0.585
Zambia,93.0,137.0,82.0,40.0,34.0,113.0,118.0,146.0,39.0,25.0,206.0,255.0,228.0,79.0,59.0,68.0,0.383,1.238,1.107,0.131
Tunisia,95.0,165.0,59.0,58.0,19.0,110.0,139.0,123.0,41.0,39.0,205.0,304.0,182.0,99.0,58.0,48.0,0.483,1.483,0.888,0.595
United Arab Emirates,125.0,254.0,112.0,76.0,24.0,80.0,84.0,100.0,22.0,22.0,205.0,338.0,212.0,98.0,46.0,61.0,0.478,1.649,1.034,0.615
Portugal,113.0,277.0,85.0,74.0,27.0,91.0,157.0,83.0,49.0,19.0,204.0,434.0,168.0,123.0,46.0,35.0,0.603,2.127,0.824,1.304
Nigeria,99.0,175.0,80.0,57.0,26.0,103.0,132.0,107.0,37.0,36.0,202.0,307.0,187.0,94.0,62.0,46.0,0.465,1.52,0.926,0.594
Chile,93.0,178.0,90.0,57.0,14.0,108.0,107.0,146.0,27.0,33.0,201.0,285.0,236.0,84.0,47.0,70.0,0.418,1.418,1.174,0.244
Italy,112.0,208.0,91.0,59.0,32.0,87.0,134.0,96.0,43.0,26.0,199.0,342.0,187.0,102.0,58.0,39.0,0.513,1.719,0.94,0.779
England,116.0,234.0,81.0,75.0,23.0,83.0,170.0,64.0,47.0,23.0,199.0,404.0,145.0,122.0,46.0,31.0,0.613,2.03,0.729,1.302
Egypt,116.0,234.0,63.0,92.0,13.0,83.0,97.0,90.0,24.0,29.0,199.0,331.0,153.0,116.0,42.0,41.0,0.583,1.663,0.769,0.894
Jamaica,92.0,124.0,87.0,39.0,26.0,106.0,130.0,151.0,38.0,19.0,198.0,254.0,238.0,77.0,45.0,76.0,0.389,1.283,1.202,0.081
Sweden,102.0,199.0,97.0,65.0,16.0,96.0,131.0,120.0,38.0,18.0,198.0,330.0,217.0,103.0,34.0,61.0,0.52,1.667,1.096,0.571
Netherlands,111.0,270.0,100.0,68.0,21.0,85.0,166.0,94.0,48.0,20.0,196.0,436.0,194.0,116.0,41.0,39.0,0.592,2.224,0.99,1.235
Kuwait,106.0,150.0,126.0,42.0,28.0,90.0,109.0,120.0,27.0,31.0,196.0,259.0,246.0,69.0,59.0,68.0,0.352,1.321,1.255,0.066
Algeria,108.0,243.0,84.0,70.0,22.0,87.0,134.0,93.0,45.0,18.0,195.0,377.0,177.0,115.0,40.0,40.0,0.59,1.933,0.908,1.026
Estonia,89.0,97.0,116.0,29.0,22.0,106.0,77.0,197.0,25.0,19.0,195.0,174.0,313.0,54.0,41.0,100.0,0.277,0.892,1.605,-0.713
Uruguay,84.0,163.0,61.0,51.0,23.0,110.0,144.0,129.0,43.0,29.0,194.0,307.0,190.0,94.0,52.0,48.0,0.485,1.582,0.979,0.603
Côte d'Ivoire,103.0,199.0,84.0,66.0,24.0,90.0,124.0,83.0,40.0,27.0,193.0,323.0,167.0,106.0,51.0,36.0,0.549,1.674,0.865,0.808
Uganda,81.0,107.0,40.0,47.0,24.0,112.0,94.0,130.0,31.0,31.0,193.0,201.0,170.0,78.0,55.0,60.0,0.404,1.041,0.881,0.161
Cameroon,86.0,130.0,69.0,45.0,28.0,106.0,115.0,112.0,34.0,40.0,192.0,245.0,181.0,79.0,68.0,45.0,0.411,1.276,0.943,0.333
Thailand,117.0,203.0,107.0,65.0,27.0,75.0,110.0,114.0,26.0,16.0,192.0,313.0,221.0,91.0,43.0,58.0,0.474,1.63,1.151,0.479
Croatia,92.0,180.0,77.0,58.0,19.0,99.0,147.0,110.0,44.0,28.0,191.0,327.0,187.0,102.0,47.0,42.0,0.534,1.712,0.979,0.733
Peru,85.0,116.0,76.0,43.0,21.0,104.0,88.0,135.0,27.0,27.0,189.0,204.0,211.0,70.0,48.0,71.0,0.37,1.079,1.116,-0.037
Ghana,83.0,150.0,58.0,50.0,21.0,106.0,117.0,125.0,33.0,29.0,189.0,267.0,183.0,83.0,50.0,56.0,0.439,1.413,0.968,0.444
Morocco,127.0,242.0,61.0,87.0,24.0,61.0,70.0,56.0,23.0,21.0,188.0,312.0,117.0,110.0,45.0,33.0,0.585,1.66,0.622,1.037
Poland,112.0,196.0,110.0,57.0,28.0,75.0,118.0,100.0,29.0,24.0,187.0,314.0,210.0,86.0,52.0,49.0,0.46,1.679,1.123,0.556
Belgium,101.0,260.0,87.0,69.0,19.0,86.0,161.0,82.0,48.0,19.0,187.0,421.0,169.0,117.0,38.0,32.0,0.626,2.251,0.904,1.348
IR Iran,103.0,221.0,59.0,70.0,21.0,83.0,144.0,63.0,50.0,18.0,186.0,365.0,122.0,120.0,39.0,27.0,0.645,1.962,0.656,1.306
Senegal,89.0,157.0,48.0,62.0,16.0,96.0,143.0,85.0,47.0,31.0,185.0,300.0,133.0,109.0,47.0,29.0,0.589,1.622,0.719,0.903
Iceland,71.0,107.0,88.0,30.0,17.0,114.0,142.0,196.0,32.0,24.0,185.0,249.0,284.0,62.0,41.0,82.0,0.335,1.346,1.535,-0.189
Australia,90.0,199.0,71.0,60.0,13.0,93.0,136.0,111.0,37.0,25.0,183.0,335.0,182.0,97.0,38.0,48.0,0.53,1.831,0.995,0.836
Colombia,86.0,135.0,61.0,47.0,24.0,97.0,137.0,87.0,45.0,29.0,183.0,272.0,148.0,92.0,53.0,38.0,0.503,1.486,0.809,0.678
Uzbekistan,96.0,161.0,60.0,60.0,20.0,86.0,105.0,113.0,30.0,19.0,182.0,266.0,173.0,90.0,39.0,53.0,0.495,1.462,0.951,0.511
Malaysia,101.0,206.0,99.0,59.0,19.0,81.0,76.0,160.0,16.0,20.0,182.0,282.0,259.0,75.0,39.0,68.0,0.412,1.549,1.423,0.126
Switzerland,89.0,185.0,88.0,50.0,24.0,92.0,125.0,100.0,37.0,27.0,181.0,310.0,188.0,87.0,51.0,43.0,0.481,1.713,1.039,0.674
Turkey,92.0,154.0,97.0,50.0,22.0,89.0,140.0,118.0,41.0,18.0,181.0,294.0,215.0,91.0,40.0,50.0,0.503,1.624,1.188,0.436
Burkina Faso,79.0,141.0,68.0,44.0,26.0,102.0,99.0,110.0,33.0,25.0,181.0,240.0,178.0,77.0,51.0,53.0,0.425,1.326,0.983,0.343
Denmark,97.0,178.0,72.0,57.0,22.0,83.0,128.0,105.0,31.0,22.0,180.0,306.0,177.0,88.0,44.0,48.0,0.489,1.7,0.983,0.717
El Salvador,89.0,107.0,92.0,35.0,24.0,91.0,97.0,149.0,25.0,19.0,180.0,204.0,241.0,60.0,43.0,77.0,0.333,1.133,1.339,-0.206
China PR,112.0,193.0,109.0,56.0,30.0,67.0,77.0,97.0,18.0,15.0,179.0,270.0,206.0,74.0,45.0,60.0,0.413,1.508,1.151,0.358
Tanzania,92.0,90.0,90.0,33.0,26.0,86.0,76.0,123.0,14.0,28.0,178.0,166.0,213.0,47.0,54.0,77.0,0.264,0.933,1.197,-0.264
Trinidad and Tobago,76.0,167.0,77.0,39.0,18.0,99.0,92.0,179.0,22.0,22.0,175.0,259.0,256.0,61.0,40.0,74.0,0.349,1.48,1.463,0.017
Ecuador,79.0,147.0,70.0,47.0,18.0,96.0,92.0,119.0,20.0,39.0,175.0,239.0,189.0,67.0,57.0,51.0,0.383,1.366,1.08,0.286
Serbia,73.0,139.0,88.0,37.0,17.0,102.0,117.0,109.0,40.0,26.0,175.0,256.0,197.0,77.0,43.0,55.0,0.44,1.463,1.126,0.337
Paraguay,65.0,79.0,64.0,27.0,23.0,109.0,104.0,162.0,23.0,31.0,174.0,183.0,226.0,50.0,54.0,70.0,0.287,1.052,1.299,-0.247
Czechia,85.0,154.0,86.0,46.0,17.0,89.0,121.0,120.0,34.0,19.0,174.0,275.0,206.0,80.0,36.0,58.0,0.46,1.58,1.184,0.397
Republic of Ireland,98.0,142.0,96.0,42.0,29.0,76.0,76.0,86.0,22.0,25.0,174.0,218.0,182.0,64.0,54.0,56.0,0.368,1.253,1.046,0.207
Venezuela,64.0,81.0,81.0,22.0,20.0,109.0,112.0,167.0,29.0,28.0,173.0,193.0,248.0,51.0,48.0,74.0,0.295,1.116,1.434,-0.318
Ukraine,91.0,132.0,71.0,49.0,24.0,81.0,128.0,122.0,34.0,20.0,172.0,260.0,193.0,83.0,44.0,45.0,0.483,1.512,1.122,0.39
Singapore,91.0,147.0,140.0,42.0,19.0,81.0,70.0,150.0,16.0,14.0,172.0,217.0,290.0,58.0,33.0,81.0,0.337,1.262,1.686,-0.424
Finland,74.0,99.0,68.0,32.0,14.0,97.0,97.0,146.0,31.0,19.0,171.0,196.0,214.0,63.0,33.0,75.0,0.368,1.146,1.251,-0.105
Syria,58.0,97.0,60.0,26.0,15.0,113.0,132.0,151.0,33.0,30.0,171.0,229.0,211.0,59.0,45.0,67.0,0.345,1.339,1.234,0.105
Malawi,73.0,93.0,65.0,33.0,24.0,98.0,56.0,123.0,15.0,32.0,171.0,149.0,188.0,48.0,56.0,67.0,0.281,0.871,1.099,-0.228
Slovakia,84.0,122.0,77.0,40.0,22.0,87.0,106.0,108.0,34.0,18.0,171.0,228.0,185.0,74.0,40.0,57.0,0.433,1.333,1.082,0.251
Greece,83.0,114.0,76.0,40.0,19.0,86.0,90.0,83.0,35.0,25.0,169.0,204.0,159.0,75.0,44.0,50.0,0.444,1.207,0.941,0.266
Congo DR,74.0,109.0,60.0,40.0,15.0,93.0,113.0,110.0,27.0,33.0,167.0,222.0,170.0,67.0,48.0,52.0,0.401,1.329,1.018,0.311
Philippines,75.0,142.0,82.0,37.0,20.0,92.0,99.0,135.0,26.0,20.0,167.0,241.0,217.0,63.0,40.0,64.0,0.377,1.443,1.299,0.144
Romania,89.0,140.0,82.0,43.0,26.0,78.0,107.0,96.0,27.0,22.0,167.0,247.0,178.0,70.0,48.0,49.0,0.419,1.479,1.066,0.413
Hungary,94.0,140.0,104.0,43.0,24.0,70.0,94.0,104.0,28.0,16.0,164.0,234.0,208.0,71.0,40.0,53.0,0.433,1.427,1.268,0.159
Indonesia,102.0,176.0,126.0,50.0,20.0,62.0,78.0,130.0,15.0,14.0,164.0,254.0,256.0,65.0,34.0,65.0,0.396,1.549,1.561,-0.012
Austria,94.0,166.0,95.0,50.0,19.0,69.0,106.0,83.0,33.0,11.0,163.0,272.0,178.0,83.0,30.0,50.0,0.509,1.669,1.092,0.577
Botswana,79.0,88.0,77.0,36.0,17.0,84.0,61.0,109.0,17.0,24.0,163.0,149.0,186.0,53.0,41.0,69.0,0.325,0.914,1.141,-0.227
Belarus,73.0,74.0,88.0,22.0,25.0,89.0,91.0,135.0,28.0,17.0,162.0,165.0,223.0,50.0,42.0,70.0,0.309,1.019,1.377,-0.358
Norway,87.0,152.0,72.0,46.0,19.0,75.0,109.0,105.0,32.0,13.0,162.0,261.0,177.0,78.0,32.0,52.0,0.481,1.611,1.093,0.519
Canada,75.0,147.0,51.0,43.0,19.0,87.0,121.0,110.0,30.0,23.0,162.0,268.0,161.0,73.0,42.0,47.0,0.451,1.654,0.994,0.66
Kenya,85.0,98.0,69.0,39.0,28.0,76.0,74.0,108.0,16.0,20.0,161.0,172.0,177.0,55.0,48.0,58.0,0.342,1.068,1.099,-0.031
Moldova,76.0,67.0,136.0,15.0,16.0,85.0,56.0,152.0,14.0,19.0,161.0,123.0,288.0,29.0,35.0,97.0,0.18,0.764,1.789,-1.025
Albania,87.0,101.0,88.0,38.0,17.0,73.0,69.0,86.0,23.0,17.0,160.0,170.0,174.0,61.0,34.0,65.0,0.381,1.062,1.088,-0.025
Angola,86.0,110.0,71.0,37.0,31.0,73.0,52.0,76.0,14.0,30.0,159.0,162.0,147.0,51.0,61.0,47.0,0.321,1.019,0.925,0.094
Guatemala,77.0,150.0,66.0,40.0,19.0,82.0,91.0,135.0,25.0,16.0,159.0,241.0,201.0,65.0,35.0,59.0,0.409,1.516,1.264,0.252
Russia,95.0,175.0,82.0,51.0,26.0,64.0,104.0,65.0,27.0,19.0,159.0,279.0,147.0,78.0,45.0,36.0,0.491,1.755,0.925,0.83
North Macedonia,78.0,112.0,85.0,34.0,19.0,80.0,77.0,115.0,21.0,19.0,158.0,189.0,200.0,55.0,38.0,65.0,0.348,1.196,1.266,-0.07
Bolivia,65.0,89.0,88.0,24.0,15.0,92.0,54.0,224.0,7.0,15.0,157.0,143.0,312.0,31.0,30.0,96.0,0.197,0.911,1.987,-1.076
Latvia,73.0,66.0,106.0,19.0,17.0,84.0,73.0,143.0,11.0,29.0,157.0,139.0,249.0,30.0,46.0,81.0,0.191,0.885,1.586,-0.701
Slovenia,78.0,119.0,74.0,38.0,21.0,78.0,79.0,86.0,23.0,22.0,156.0,198.0,160.0,61.0,43.0,52.0,0.391,1.269,1.026,0.244
Mali,68.0,122.0,50.0,41.0,15.0,88.0,93.0,92.0,24.0,31.0,156.0,215.0,142.0,65.0,46.0,45.0,0.417,1.378,0.91,0.468
Lebanon,69.0,97.0,76.0,28.0,20.0,87.0,64.0,125.0,16.0,23.0,156.0,161.0,201.0,44.0,43.0,69.0,0.282,1.032,1.288,-0.256
Bosnia and Herzegovina,74.0,115.0,82.0,33.0,18.0,82.0,111.0,121.0,28.0,19.0,156.0,226.0,203.0,61.0,37.0,58.0,0.391,1.449,1.301,0.147
Azerbaijan,79.0,81.0,102.0,19.0,26.0,76.0,59.0,143.0,16.0,16.0,155.0,140.0,245.0,35.0,42.0,78.0,0.226,0.903,1.581,-0.677
Mozambique,75.0,89.0,77.0,26.0,26.0,79.0,62.0,123.0,21.0,17.0,154.0,151.0,200.0,47.0,43.0,64.0,0.305,0.981,1.299,-0.318
Vietnam,89.0,160.0,79.0,49.0,17.0,65.0,90.0,102.0,22.0,15.0,154.0,250.0,181.0,71.0,32.0,51.0,0.461,1.623,1.175,0.448
Lithuania,66.0,58.0,100.0,13.0,21.0,88.0,45.0,171.0,13.0,12.0,154.0,103.0,271.0,26.0,33.0,95.0,0.169,0.669,1.76,-1.091
Georgia,77.0,115.0,70.0,34.0,20.0,77.0,83.0,122.0,22.0,16.0,154.0,198.0,192.0,56.0,36.0,62.0,0.364,1.286,1.247,0.039
Scotland,76.0,118.0,85.0,39.0,16.0,78.0,94.0,110.0,29.0,14.0,154.0,212.0,195.0,68.0,30.0,56.0,0.442,1.377,1.266,0.11
India,89.0,148.0,112.0,40.0,24.0,64.0,56.0,106.0,15.0,13.0,153.0,204.0,218.0,55.0,37.0,61.0,0.359,1.333,1.425,-0.092
Wales,85.0,119.0,83.0,40.0,22.0,68.0,64.0,91.0,20.0,17.0,153.0,183.0,174.0,60.0,39.0,54.0,0.392,1.196,1.137,0.059
Sudan,59.0,61.0,73.0,19.0,18.0,94.0,67.0,126.0,22.0,22.0,153.0,128.0,199.0,41.0,40.0,72.0,0.268,0.837,1.301,-0.464
Luxembourg,87.0,72.0,141.0,21.0,17.0,64.0,45.0,144.0,10.0,13.0,151.0,117.0,285.0,31.0,30.0,90.0,0.205,0.775,1.887,-1.113
Northern Ireland,67.0,82.0,61.0,28.0,16.0,82.0,67.0,125.0,18.0,19.0,149.0,149.0,186.0,46.0,35.0,68.0,0.309,1.0,1.248,-0.248
Palestine,51.0,110.0,49.0,24.0,19.0,98.0,104.0,128.0,30.0,23.0,149.0,214.0,177.0,54.0,42.0,53.0,0.362,1.436,1.188,0.248
Gabon,77.0,96.0,69.0,32.0,28.0,70.0,68.0,94.0,18.0,18.0,147.0,164.0,163.0,50.0,46.0,51.0,0.34,1.116,1.109,0.007
Bulgaria,65.0,76.0,88.0,23.0,15.0,80.0,65.0,129.0,16.0,23.0,145.0,141.0,217.0,39.0,38.0,68.0,0.269,0.972,1.497,-0.524
Armenia,76.0,104.0,126.0,28.0,12.0,68.0,81.0,153.0,13.0,13.0,144.0,185.0,279.0,41.0,25.0,78.0,0.285,1.285,1.938,-0.653
Malta,77.0,64.0,135.0,18.0,16.0,67.0,34.0,148.0,9.0,8.0,144.0,98.0,283.0,27.0,24.0,93.0,0.188,0.681,1.965,-1.285
Myanmar,67.0,78.0,92.0,24.0,17.0,75.0,60.0,202.0,13.0,10.0,142.0,138.0,294.0,37.0,27.0,78.0,0.261,0.972,2.07,-1.099
Zimbabwe,57.0,91.0,56.0,26.0,19.0,85.0,79.0,110.0,18.0,28.0,142.0,170.0,166.0,44.0,47.0,51.0,0.31,1.197,1.169,0.028
Kazakhstan,69.0,82.0,84.0,24.0,15.0,73.0,60.0,158.0,13.0,14.0,142.0,142.0,242.0,37.0,29.0,76.0,0.261,1.0,1.704,-0.704
Montenegro,76.0,104.0,91.0,32.0,18.0,66.0,64.0,102.0,16.0,14.0,142.0,168.0,193.0,48.0,32.0,62.0,0.338,1.183,1.359,-0.176
Guinea,55.0,80.0,49.0,28.0,15.0,85.0,101.0,122.0,25.0,23.0,140.0,181.0,171.0,53.0,38.0,49.0,0.379,1.293,1.221,0.071
Cyprus,71.0,65.0,111.0,17.0,17.0,68.0,56.0,148.0,10.0,8.0,139.0,121.0,259.0,27.0,25.0,87.0,0.194,0.871,1.863,-0.993
Liechtenstein,59.0,22.0,143.0,5.0,8.0,79.0,30.0,216.0,6.0,11.0,138.0,52.0,359.0,11.0,19.0,108.0,0.08,0.377,2.601,-2.225
Andorra,69.0,26.0,118.0,8.0,11.0,69.0,17.0,164.0,2.0,12.0,138.0,43.0,282.0,10.0,23.0,105.0,0.072,0.312,2.043,-1.732
Ethiopia,77.0,100.0,87.0,29.0,23.0,60.0,52.0,112.0,10.0,15.0,137.0,152.0,199.0,39.0,38.0,60.0,0.285,1.109,1.453,-0.343
Rwanda,74.0,94.0,71.0,27.0,23.0,61.0,33.0,79.0,12.0,14.0,135.0,127.0,150.0,39.0,37.0,59.0,0.289,0.941,1.111,-0.17
Lesotho,63.0,51.0,68.0,16.0,22.0,72.0,48.0,125.0,10.0,24.0,135.0,99.0,193.0,26.0,46.0,63.0,0.193,0.733,1.43,-0.696
Hong Kong,73.0,114.0,89.0,33.0,14.0,62.0,45.0,114.0,10.0,16.0,135.0,159.0,203.0,43.0,30.0,62.0,0.319,1.178,1.504,-0.326
Israel,64.0,110.0,103.0,26.0,12.0,70.0,96.0,121.0,23.0,12.0,134.0,206.0,224.0,49.0,24.0,61.0,0.366,1.537,1.672,-0.134
Namibia,69.0,74.0,59.0,26.0,23.0,65.0,48.0,86.0,14.0,18.0,134.0,122.0,145.0,40.0,41.0,53.0,0.299,0.91,1.082,-0.172
Libya,65.0,88.0,56.0,32.0,19.0,68.0,60.0,79.0,19.0,17.0,133.0,148.0,135.0,51.0,36.0,46.0,0.383,1.113,1.015,0.098
Korea DPR,43.0,75.0,38.0,25.0,9.0,89.0,106.0,132.0,24.0,26.0,132.0,181.0,170.0,49.0,35.0,48.0,0.371,1.371,1.288,0.083
Niger,66.0,92.0,84.0,24.0,18.0,63.0,34.0,107.0,7.0,14.0,129.0,126.0,191.0,31.0,32.0,66.0,0.24,0.977,1.481,-0.504
Faroe Islands,57.0,53.0,93.0,17.0,10.0,72.0,46.0,147.0,9.0,12.0,129.0,99.0,240.0,26.0,22.0,81.0,0.202,0.767,1.86,-1.093
Cape Verde Islands,60.0,90.0,41.0,35.0,13.0,68.0,66.0,86.0,21.0,19.0,128.0,156.0,127.0,56.0,32.0,40.0,0.438,1.219,0.992,0.227
Haiti,56.0,104.0,58.0,26.0,13.0,72.0,131.0,107.0,32.0,12.0,128.0,235.0,165.0,58.0,25.0,45.0,0.453,1.836,1.289,0.547
Togo,52.0,68.0,55.0,20.0,18.0,74.0,57.0,111.0,13.0,19.0,126.0,125.0,166.0,33.0,37.0,56.0,0.262,0.992,1.317,-0.325
Tajikistan,55.0,87.0,56.0,27.0,12.0,70.0,83.0,110.0,22.0,15.0,125.0,170.0,166.0,49.0,27.0,49.0,0.392,1.36,1.328,0.032
San Marino,63.0,14.0,204.0,1.0,6.0,62.0,11.0,266.0,1.0,2.0,125.0,25.0,470.0,2.0,8.0,115.0,0.016,0.2,3.76,-3.56
Cuba,44.0,75.0,53.0,19.0,9.0,81.0,60.0,174.0,21.0,11.0,125.0,135.0,227.0,40.0,20.0,65.0,0.32,1.08,1.816,-0.736
Yemen,58.0,64.0,84.0,15.0,13.0,65.0,44.0,121.0,8.0,15.0,123.0,108.0,205.0,23.0,28.0,72.0,0.187,0.878,1.667,-0.789
Cambodia,67.0,102.0,117.0,27.0,9.0,56.0,42.0,170.0,4.0,6.0,123.0,144.0,287.0,31.0,15.0,77.0,0.252,1.171,2.333,-1.163
Equatorial Guinea,67.0,73.0,59.0,29.0,19.0,54.0,43.0,89.0,10.0,11.0,121.0,116.0,148.0,39.0,30.0,52.0,0.322,0.959,1.223,-0.264
Mauritania,56.0,58.0,41.0,27.0,13.0,65.0,37.0,102.0,9.0,18.0,121.0,95.0,143.0,36.0,31.0,54.0,0.298,0.785,1.182,-0.397
Nepal,57.0,58.0,57.0,22.0,14.0,64.0,34.0,133.0,8.0,15.0,121.0,92.0,190.0,30.0,29.0,62.0,0.248,0.76,1.57,-0.81
Madagascar,58.0,70.0,68.0,22.0,23.0,62.0,69.0,98.0,15.0,11.0,120.0,139.0,166.0,37.0,34.0,49.0,0.308,1.158,1.383,-0.225
Comoros,56.0,64.0,59.0,17.0,21.0,64.0,52.0,108.0,14.0,11.0,120.0,116.0,167.0,31.0,32.0,57.0,0.258,0.967,1.392,-0.425
Bangladesh,61.0,63.0,70.0,19.0,19.0,58.0,36.0,128.0,11.0,13.0,119.0,99.0,198.0,30.0,32.0,57.0,0.252,0.832,1.664,-0.832
Eswatini,52.0,44.0,80.0,8.0,19.0,66.0,51.0,107.0,14.0,18.0,118.0,95.0,187.0,22.0,37.0,59.0,0.186,0.805,1.585,-0.78
Nicaragua,52.0,87.0,53.0,26.0,8.0,65.0,70.0,114.0,14.0,12.0,117.0,157.0,167.0,40.0,20.0,57.0,0.342,1.342,1.427,-0.085
Maldives,56.0,88.0,71.0,24.0,11.0,61.0,65.0,149.0,12.0,6.0,117.0,153.0,220.0,36.0,17.0,64.0,0.308,1.308,1.88,-0.573
Curaçao,57.0,112.0,60.0,24.0,16.0,59.0,88.0,100.0,16.0,13.0,116.0,200.0,160.0,40.0,29.0,47.0,0.345,1.724,1.379,0.345
Benin,50.0,63.0,45.0,26.0,14.0,66.0,62.0,101.0,11.0,22.0,116.0,125.0,146.0,37.0,36.0,43.0,0.319,1.078,1.259,-0.181
Gibraltar,62.0,38.0,159.0,11.0,11.0,51.0,25.0,184.0,4.0,5.0,113.0,63.0,343.0,15.0,16.0,82.0,0.133,0.558,3.035,-2.478
Laos,56.0,76.0,121.0,16.0,11.0,56.0,51.0,168.0,5.0,11.0,112.0,127.0,289.0,21.0,22.0,69.0,0.188,1.134,2.58,-1.446
New Zealand,40.0,96.0,34.0,24.0,7.0,71.0,71.0,93.0,20.0,16.0,111.0,167.0,127.0,44.0,23.0,44.0,0.396,1.505,1.144,0.36
Kyrgyz Republic,53.0,79.0,62.0,26.0,11.0,57.0,61.0,112.0,12.0,9.0,110.0,140.0,174.0,38.0,20.0,52.0,0.345,1.273,1.582,-0.309
Burundi,48.0,80.0,51.0,22.0,11.0,59.0,49.0,84.0,10.0,18.0,107.0,129.0,135.0,32.0,29.0,46.0,0.299,1.206,1.262,-0.056
Guyana,44.0,89.0,71.0,26.0,7.0,63.0,86.0,109.0,18.0,11.0,107.0,175.0,180.0,44.0,18.0,45.0,0.411,1.636,1.682,-0.047
Grenada,55.0,72.0,106.0,17.0,11.0,47.0,45.0,100.0,9.0,11.0,102.0,117.0,206.0,26.0,22.0,54.0,0.255,1.147,2.02,-0.873
Kosovo,58.0,87.0,77.0,26.0,12.0,43.0,54.0,59.0,14.0,11.0,101.0,141.0,136.0,40.0,23.0,38.0,0.396,1.396,1.347,0.05
Gambia,43.0,52.0,49.0,14.0,16.0,57.0,62.0,81.0,17.0,12.0,100.0,114.0,130.0,31.0,28.0,41.0,0.31,1.14,1.3,-0.16
Congo,45.0,53.0,57.0,16.0,11.0,54.0,54.0,102.0,10.0,14.0,99.0,107.0,159.0,26.0,25.0,48.0,0.263,1.081,1.606,-0.525
Suriname,49.0,102.0,49.0,28.0,10.0,50.0,69.0,71.0,17.0,11.0,99.0,171.0,120.0,45.0,21.0,33.0,0.455,1.727,1.212,0.515
Saint Kitts and Nevis,48.0,74.0,55.0,21.0,14.0,51.0,72.0,101.0,18.0,8.0,99.0,146.0,156.0,39.0,22.0,38.0,0.394,1.475,1.576,-0.101
Mauritius,41.0,43.0,53.0,12.0,11.0,56.0,35.0,103.0,8.0,11.0,97.0,78.0,156.0,20.0,22.0,55.0,0.206,0.804,1.608,-0.804
Dominican Republic,55.0,125.0,45.0,31.0,12.0,41.0,62.0,75.0,13.0,5.0,96.0,187.0,120.0,44.0,17.0,35.0,0.458,1.948,1.25,0.698
Afghanistan,35.0,49.0,38.0,17.0,10.0,61.0,61.0,103.0,14.0,15.0,96.0,110.0,141.0,31.0,25.0,40.0,0.323,1.146,1.469,-0.323
Martinique,46.0,86.0,49.0,19.0,11.0,49.0,57.0,68.0,16.0,16.0,95.0,143.0,117.0,35.0,27.0,33.0,0.368,1.505,1.232,0.274
Liberia,47.0,55.0,49.0,19.0,12.0,48.0,29.0,89.0,6.0,9.0,95.0,84.0,138.0,25.0,21.0,49.0,0.263,0.884,1.453,-0.568
Guinea-Bissau,40.0,48.0,41.0,16.0,9.0,54.0,38.0,86.0,7.0,15.0,94.0,86.0,127.0,23.0,24.0,47.0,0.245,0.915,1.351,-0.436
Barbados,46.0,56.0,74.0,14.0,9.0,47.0,63.0,105.0,11.0,6.0,93.0,119.0,179.0,25.0,15.0,53.0,0.269,1.28,1.925,-0.645
Antigua and Barbuda,54.0,68.0,74.0,21.0,10.0,36.0,46.0,88.0,8.0,4.0,90.0,114.0,162.0,29.0,14.0,47.0,0.322,1.267,1.8,-0.533
Seychelles,41.0,33.0,81.0,8.0,8.0,49.0,22.0,145.0,2.0,9.0,90.0,55.0,226.0,10.0,17.0,63.0,0.111,0.611,2.511,-1.9
Sierra Leone,33.0,42.0,31.0,16.0,11.0,55.0,45.0,96.0,6.0,18.0,88.0,87.0,127.0,22.0,29.0,37.0,0.25,0.989,1.443,-0.455
Saint Vincent and the Grenadines,45.0,79.0,63.0,22.0,9.0,43.0,60.0,114.0,10.0,8.0,88.0,139.0,177.0,32.0,17.0,39.0,0.364,1.58,2.011,-0.432
French Guiana,42.0,88.0,47.0,22.0,6.0,44.0,67.0,68.0,13.0,12.0,86.0,155.0,115.0,35.0,18.0,33.0,0.407,1.802,1.337,0.465
Solomon Islands,43.0,95.0,65.0,22.0,6.0,43.0,66.0,73.0,13.0,7.0,86.0,161.0,138.0,35.0,13.0,38.0,0.407,1.872,1.605,0.267
Sri Lanka,39.0,47.0,62.0,11.0,9.0,46.0,21.0,113.0,4.0,7.0,85.0,68.0,175.0,15.0,16.0,54.0,0.176,0.8,2.059,-1.259
Central African Republic,37.0,47.0,36.0,17.0,9.0,48.0,42.0,112.0,5.0,9.0,85.0,89.0,148.0,22.0,18.0,45.0,0.259,1.047,1.741,-0.694
Chinese Taipei,37.0,50.0,64.0,14.0,4.0,47.0,47.0,141.0,8.0,3.0,84.0,97.0,205.0,22.0,7.0,55.0,0.262,1.155,2.44,-1.286
Belize,40.0,50.0,58.0,15.0,8.0,44.0,46.0,83.0,10.0,7.0,84.0,96.0,141.0,25.0,15.0,44.0,0.298,1.143,1.679,-0.536
Guadeloupe,45.0,87.0,45.0,22.0,9.0,38.0,66.0,57.0,16.0,4.0,83.0,153.0,102.0,38.0,13.0,32.0,0.458,1.843,1.229,0.614
Fiji,42.0,111.0,45.0,21.0,11.0,39.0,49.0,61.0,10.0,10.0,81.0,160.0,106.0,31.0,21.0,29.0,0.383,1.975,1.309,0.667
Puerto Rico,42.0,101.0,59.0,21.0,7.0,38.0,42.0,68.0,9.0,7.0,80.0,143.0,127.0,30.0,14.0,36.0,0.375,1.788,1.588,0.2
New Caledonia,33.0,97.0,29.0,18.0,4.0,46.0,96.0,67.0,18.0,9.0,79.0,193.0,96.0,36.0,13.0,30.0,0.456,2.443,1.215,1.228
Bermuda,42.0,98.0,69.0,21.0,6.0,36.0,50.0,79.0,9.0,4.0,78.0,148.0,148.0,30.0,10.0,38.0,0.385,1.897,1.897,0.0
South Sudan,37.0,34.0,57.0,8.0,10.0,41.0,16.0,85.0,4.0,6.0,78.0,50.0,142.0,12.0,16.0,50.0,0.154,0.641,1.821,-1.179
Saint Lucia,38.0,49.0,73.0,14.0,6.0,39.0,37.0,77.0,11.0,5.0,77.0,86.0,150.0,25.0,11.0,41.0,0.325,1.117,1.948,-0.831
Turkmenistan,31.0,53.0,35.0,17.0,6.0,44.0,46.0,81.0,10.0,7.0,75.0,99.0,116.0,27.0,13.0,35.0,0.36,1.32,1.547,-0.227
Dominica,34.0,43.0,54.0,11.0,8.0,39.0,45.0,78.0,9.0,7.0,73.0,88.0,132.0,20.0,15.0,38.0,0.274,1.205,1.808,-0.603
Timor-Leste,23.0,22.0,71.0,6.0,2.0,48.0,33.0,155.0,3.0,2.0,71.0,55.0,226.0,9.0,4.0,58.0,0.127,0.775,3.183,-2.408
Aruba,33.0,58.0,72.0,13.0,3.0,32.0,34.0,56.0,6.0,8.0,65.0,92.0,128.0,19.0,11.0,35.0,0.292,1.415,1.969,-0.554
Tahiti,31.0,71.0,42.0,19.0,3.0,33.0,63.0,66.0,10.0,6.0,64.0,134.0,108.0,29.0,9.0,26.0,0.453,2.094,1.688,0.406
Guam,24.0,37.0,43.0,9.0,4.0,38.0,31.0,102.0,5.0,6.0,62.0,68.0,145.0,14.0,10.0,38.0,0.226,1.097,2.339,-1.242
Chad,27.0,24.0,42.0,6.0,6.0,34.0,16.0,64.0,2.0,9.0,61.0,40.0,106.0,8.0,15.0,38.0,0.131,0.656,1.738,-1.082
Bhutan,24.0,20.0,66.0,5.0,1.0,36.0,12.0,155.0,2.0,2.0,60.0,32.0,221.0,7.0,3.0,50.0,0.117,0.533,3.683,-3.15
Vanuatu,33.0,59.0,42.0,15.0,7.0,27.0,61.0,61.0,9.0,3.0,60.0,120.0,103.0,24.0,10.0,26.0,0.4,2.0,1.717,0.283
Mongolia,23.0,37.0,23.0,12.0,1.0,35.0,34.0,90.0,4.0,5.0,58.0,71.0,113.0,16.0,6.0,36.0,0.276,1.224,1.948,-0.724
British Virgin Islands,22.0,20.0,70.0,3.0,3.0,34.0,28.0,118.0,4.0,7.0,56.0,48.0,188.0,7.0,10.0,39.0,0.125,0.857,3.357,-2.5
Anguilla,20.0,10.0,59.0,1.0,3.0,36.0,17.0,137.0,4.0,4.0,56.0,27.0,196.0,5.0,7.0,44.0,0.089,0.482,3.5,-3.018
Pakistan,17.0,12.0,31.0,4.0,4.0,38.0,15.0,77.0,4.0,6.0,55.0,27.0,108.0,8.0,10.0,37.0,0.145,0.491,1.964,-1.473
Macau,25.0,26.0,53.0,6.0,5.0,30.0,21.0,76.0,3.0,4.0,55.0,47.0,129.0,9.0,9.0,37.0,0.164,0.855,2.345,-1.491
Papua New Guinea,27.0,49.0,32.0,9.0,9.0,27.0,52.0,61.0,10.0,4.0,54.0,101.0,93.0,19.0,13.0,22.0,0.352,1.87,1.722,0.148
Brunei,25.0,30.0,50.0,12.0,0.0,28.0,23.0,96.0,3.0,2.0,53.0,53.0,146.0,15.0,2.0,36.0,0.283,1.0,2.755,-1.755
United States Virgin Islands,25.0,23.0,86.0,3.0,4.0,27.0,19.0,64.0,6.0,3.0,52.0,42.0,150.0,9.0,7.0,36.0,0.173,0.808,2.885,-2.077
Djibouti,21.0,15.0,54.0,4.0,2.0,29.0,14.0,96.0,1.0,4.0,50.0,29.0,150.0,5.0,6.0,39.0,0.1,0.58,3.0,-2.42
São Tomé and Príncipe,20.0,13.0,39.0,6.0,1.0,29.0,22.0,85.0,1.0,5.0,49.0,35.0,124.0,7.0,6.0,36.0,0.143,0.714,2.531,-1.816
Cayman Islands,26.0,29.0,47.0,10.0,5.0,21.0,10.0,58.0,1.0,5.0,47.0,39.0,105.0,11.0,10.0,26.0,0.234,0.83,2.234,-1.404
Montserrat,23.0,30.0,50.0,8.0,3.0,23.0,26.0,46.0,7.0,3.0,46.0,56.0,96.0,15.0,6.0,25.0,0.326,1.217,2.087,-0.87
Jersey,22.0,51.0,18.0,15.0,2.0,23.0,63.0,24.0,16.0,2.0,45.0,114.0,42.0,31.0,4.0,10.0,0.689,2.533,0.933,1.6
Saint Martin,16.0,29.0,33.0,8.0,2.0,28.0,47.0,71.0,10.0,1.0,44.0,76.0,104.0,18.0,3.0,23.0,0.409,1.727,2.364,-0.636
Bahamas,23.0,34.0,67.0,7.0,2.0,20.0,20.0,59.0,2.0,4.0,43.0,54.0,126.0,9.0,6.0,28.0,0.209,1.256,2.93,-1.674
Bonaire,19.0,23.0,48.0,4.0,5.0,24.0,40.0,59.0,10.0,1.0,43.0,63.0,107.0,14.0,6.0,23.0,0.326,1.465,2.488,-1.023
Somalia,17.0,2.0,42.0,1.0,1.0,24.0,11.0,62.0,1.0,3.0,41.0,13.0,104.0,2.0,4.0,35.0,0.049,0.317,2.537,-2.22
Guernsey,20.0,47.0,21.0,12.0,4.0,21.0,54.0,17.0,16.0,0.0,41.0,101.0,38.0,28.0,4.0,9.0,0.683,2.463,0.927,1.537
Turks and Caicos Islands,19.0,20.0,67.0,6.0,2.0,21.0,24.0,79.0,4.0,3.0,40.0,44.0,146.0,10.0,5.0,25.0,0.25,1.1,3.65,-2.55
Sint Maarten,17.0,35.0,40.0,6.0,3.0,20.0,23.0,69.0,6.0,3.0,37.0,58.0,109.0,12.0,6.0,19.0,0.324,1.568,2.946,-1.378
Padania,21.0,49.0,15.0,13.0,5.0,14.0,46.0,14.0,8.0,3.0,35.0,95.0,29.0,21.0,8.0,6.0,0.6,2.714,0.829,1.886
Alderney,20.0,11.0,75.0,0.0,1.0,13.0,13.0,54.0,2.0,1.0,33.0,24.0,129.0,2.0,2.0,29.0,0.061,0.727,3.909,-3.182
Zanzibar,14.0,22.0,13.0,8.0,3.0,19.0,27.0,23.0,6.0,6.0,33.0,49.0,36.0,14.0,9.0,10.0,0.424,1.485,1.091,0.394
Samoa,15.0,30.0,38.0,9.0,1.0,17.0,11.0,72.0,2.0,0.0,32.0,41.0,110.0,11.0,1.0,20.0,0.344,1.281,3.438,-2.156
Abkhazia,22.0,39.0,13.0,11.0,8.0,10.0,12.0,13.0,3.0,5.0,32.0,51.0,26.0,14.0,13.0,5.0,0.438,1.594,0.812,0.781
Székely Land,12.0,38.0,19.0,7.0,1.0,15.0,18.0,37.0,2.0,2.0,27.0,56.0,56.0,9.0,3.0,15.0,0.333,2.074,2.074,0.0
Isle of Man,13.0,56.0,13.0,9.0,1.0,14.0,52.0,20.0,11.0,0.0,27.0,108.0,33.0,20.0,1.0,6.0,0.741,4.0,1.222,2.778
Réunion,18.0,49.0,7.0,14.0,3.0,9.0,13.0,11.0,4.0,2.0,27.0,62.0,18.0,18.0,5.0,4.0,0.667,2.296,0.667,1.63
Raetia,10.0,22.0,32.0,4.0,1.0,16.0,21.0,71.0,2.0,4.0,26.0,43.0,103.0,6.0,5.0,15.0,0.231,1.654,3.962,-2.308
Mayotte,8.0,19.0,9.0,4.0,2.0,17.0,18.0,16.0,6.0,5.0,25.0,37.0,25.0,10.0,7.0,8.0,0.4,1.48,1.0,0.48
Tuvalu,8.0,14.0,33.0,4.0,0.0,17.0,16.0,91.0,2.0,2.0,25.0,30.0,124.0,6.0,2.0,17.0,0.24,1.2,4.96,-3.76
Ynys Môn,12.0,27.0,18.0,9.0,0.0,12.0,27.0,22.0,7.0,1.0,24.0,54.0,40.0,16.0,1.0,7.0,0.667,2.25,1.667,0.583
American Samoa,11.0,8.0,43.0,2.0,2.0,13.0,7.0,76.0,1.0,0.0,24.0,15.0,119.0,3.0,2.0,19.0,0.125,0.625,4.958,-4.333
Tamil Eelam,11.0,28.0,30.0,6.0,0.0,13.0,30.0,30.0,6.0,0.0,24.0,58.0,60.0,12.0,0.0,12.0,0.5,2.417,2.5,-0.083
Tonga,11.0,7.0,46.0,1.0,0.0,12.0,15.0,43.0,2.0,1.0,23.0,22.0,89.0,3.0,1.0,19.0,0.13,0.957,3.87,-2.913
Ellan Vannin,12.0,41.0,14.0,9.0,2.0,10.0,13.0,18.0,2.0,3.0,22.0,54.0,32.0,11.0,5.0,6.0,0.5,2.455,1.455,1.0
Occitania,10.0,40.0,10.0,8.0,1.0,11.0,35.0,7.0,7.0,2.0,21.0,75.0,17.0,15.0,3.0,3.0,0.714,3.571,0.81,2.762
Greenland,10.0,23.0,20.0,4.0,2.0,11.0,23.0,16.0,5.0,2.0,21.0,46.0,36.0,9.0,4.0,8.0,0.429,2.19,1.714,0.476
Northern Mariana Islands,12.0,15.0,40.0,3.0,3.0,9.0,1.0,53.0,0.0,0.0,21.0,16.0,93.0,3.0,3.0,15.0,0.143,0.762,4.429,-3.667
Western Isles,7.0,5.0,19.0,2.0,0.0,14.0,16.0,34.0,4.0,2.0,21.0,21.0,53.0,6.0,2.0,13.0,0.286,1.0,2.524,-1.524
Cook Islands,7.0,6.0,20.0,2.0,0.0,13.0,11.0,36.0,3.0,1.0,20.0,17.0,56.0,5.0,1.0,14.0,0.25,0.85,2.8,-1.95
Falkland Islands,10.0,14.0,40.0,2.0,0.0,10.0,7.0,32.0,2.0,1.0,20.0,21.0,72.0,4.0,1.0,15.0,0.2,1.05,3.6,-2.55
Northern Cyprus,11.0,41.0,6.0,7.0,4.0,9.0,19.0,10.0,4.0,2.0,20.0,60.0,16.0,11.0,6.0,3.0,0.55,3.0,0.8,2.2
Shetland,6.0,9.0,14.0,2.0,1.0,14.0,32.0,24.0,5.0,2.0,20.0,41.0,38.0,7.0,3.0,10.0,0.35,2.05,1.9,0.15
Panjab,7.0,25.0,9.0,3.0,2.0,12.0,29.0,21.0,6.0,1.0,19.0,54.0,30.0,9.0,3.0,7.0,0.474,2.842,1.579,1.263
Iraqi Kurdistan,12.0,26.0,11.0,8.0,2.0,6.0,17.0,5.0,2.0,4.0,18.0,43.0,16.0,10.0,6.0,2.0,0.556,2.389,0.889,1.5
Menorca,8.0,17.0,4.0,5.0,0.0,9.0,15.0,19.0,2.0,4.0,17.0,32.0,23.0,7.0,4.0,6.0,0.412,1.882,1.353,0.529
South Ossetia,8.0,9.0,16.0,2.0,2.0,8.0,26.0,18.0,3.0,1.0,16.0,35.0,34.0,5.0,3.0,8.0,0.312,2.188,2.125,0.062
Åland Islands,8.0,7.0,14.0,1.0,3.0,8.0,11.0,14.0,3.0,2.0,16.0,18.0,28.0,4.0,5.0,7.0,0.25,1.125,1.75,-0.625
Western Armenia,5.0,7.0,10.0,1.0,0.0,11.0,27.0,10.0,4.0,4.0,16.0,34.0,20.0,5.0,4.0,7.0,0.312,2.125,1.25,0.875
Chagos Islands,6.0,12.0,30.0,1.0,1.0,10.0,16.0,46.0,2.0,1.0,16.0,28.0,76.0,3.0,2.0,11.0,0.188,1.75,4.75,-3.0
Sápmi,9.0,17.0,14.0,4.0,0.0,7.0,7.0,19.0,1.0,0.0,16.0,24.0,33.0,5.0,0.0,11.0,0.312,1.5,2.062,-0.562
Orkney,10.0,19.0,16.0,5.0,1.0,5.0,6.0,12.0,2.0,0.0,15.0,25.0,28.0,7.0,1.0,7.0,0.467,1.667,1.867,-0.2
Hitra,7.0,15.0,19.0,3.0,1.0,8.0,16.0,25.0,2.0,0.0,15.0,31.0,44.0,5.0,1.0,9.0,0.333,2.067,2.933,-0.867
Frøya,6.0,11.0,19.0,1.0,1.0,9.0,4.0,55.0,0.0,0.0,15.0,15.0,74.0,1.0,1.0,13.0,0.067,1.0,4.933,-3.933
Isle of Wight,9.0,25.0,10.0,7.0,0.0,4.0,5.0,1.0,3.0,1.0,13.0,30.0,11.0,10.0,1.0,2.0,0.769,2.308,0.846,1.462
Eritrea,6.0,2.0,13.0,0.0,1.0,7.0,4.0,15.0,0.0,1.0,13.0,6.0,28.0,0.0,2.0,11.0,0.0,0.462,2.154,-1.692
Gotland,9.0,26.0,22.0,2.0,0.0,3.0,7.0,6.0,1.0,0.0,12.0,33.0,28.0,3.0,0.0,9.0,0.25,2.75,2.333,0.417
United Koreans in Japan,8.0,9.0,7.0,2.0,4.0,4.0,11.0,4.0,1.0,2.0,12.0,20.0,11.0,3.0,6.0,3.0,0.25,1.667,0.917,0.75
Felvidék,3.0,3.0,5.0,1.0,1.0,9.0,11.0,15.0,4.0,1.0,12.0,14.0,20.0,5.0,2.0,5.0,0.417,1.167,1.667,-0.5
Basque Country,8.0,25.0,9.0,6.0,1.0,4.0,4.0,2.0,2.0,2.0,12.0,29.0,11.0,8.0,3.0,1.0,0.667,2.417,0.917,1.5
Barawa,11.0,16.0,41.0,3.0,0.0,1.0,0.0,5.0,0.0,0.0,12.0,16.0,46.0,3.0,0.0,9.0,0.25,1.333,3.833,-2.5
Sealand,7.0,13.0,22.0,2.0,2.0,4.0,12.0,6.0,2.0,2.0,11.0,25.0,28.0,4.0,4.0,3.0,0.364,2.273,2.545,-0.273
Saare County,5.0,11.0,13.0,2.0,0.0,6.0,8.0,11.0,1.0,3.0,11.0,19.0,24.0,3.0,3.0,5.0,0.273,1.727,2.182,-0.455
Artsakh,7.0,12.0,9.0,4.0,1.0,4.0,20.0,5.0,2.0,1.0,11.0,32.0,14.0,6.0,2.0,3.0,0.545,2.909,1.273,1.636
Kárpátalja,5.0,17.0,9.0,3.0,2.0,6.0,8.0,4.0,2.0,3.0,11.0,25.0,13.0,5.0,5.0,1.0,0.455,2.273,1.182,1.091
Gozo,7.0,26.0,12.0,3.0,2.0,4.0,1.0,4.0,1.0,0.0,11.0,27.0,16.0,4.0,2.0,5.0,0.364,2.455,1.455,1.0
Saint Barthélemy,7.0,22.0,23.0,4.0,0.0,3.0,3.0,7.0,0.0,1.0,10.0,25.0,30.0,4.0,1.0,5.0,0.4,2.5,3.0,-0.5
County of Nice,4.0,7.0,5.0,2.0,1.0,5.0,12.0,8.0,4.0,0.0,9.0,19.0,13.0,6.0,1.0,2.0,0.667,2.111,1.444,0.667
Catalonia,7.0,14.0,7.0,3.0,3.0,1.0,1.0,1.0,0.0,1.0,8.0,15.0,8.0,3.0,4.0,1.0,0.375,1.875,1.0,0.875
Saint Helena,2.0,1.0,11.0,0.0,0.0,6.0,5.0,30.0,0.0,0.0,8.0,6.0,41.0,0.0,0.0,8.0,0.0,0.75,5.125,-4.375
Provence,4.0,10.0,10.0,2.0,0.0,4.0,22.0,7.0,1.0,0.0,8.0,32.0,17.0,3.0,0.0,5.0,0.375,4.0,2.125,1.875
Tibet,3.0,3.0,12.0,0.0,1.0,5.0,9.0,19.0,0.0,1.0,8.0,12.0,31.0,0.0,2.0,6.0,0.0,1.5,3.875,-2.375
Monaco,3.0,5.0,3.0,2.0,0.0,5.0,4.0,21.0,1.0,1.0,8.0,9.0,24.0,3.0,1.0,4.0,0.375,1.125,3.0,-1.875
Matabeleland,2.0,1.0,0.0,1.0,1.0,6.0,6.0,14.0,2.0,1.0,8.0,7.0,14.0,3.0,2.0,3.0,0.375,0.875,1.75,-0.875
Saint Pierre and Miquelon,1.0,1.0,16.0,0.0,0.0,6.0,1.0,62.0,0.0,0.0,7.0,2.0,78.0,0.0,0.0,7.0,0.0,0.286,11.143,-10.857
Cascadia,2.0,10.0,3.0,2.0,0.0,5.0,13.0,11.0,2.0,1.0,7.0,23.0,14.0,4.0,1.0,2.0,0.571,3.286,2.0,1.286
Chameria,2.0,7.0,1.0,2.0,0.0,5.0,7.0,7.0,1.0,2.0,7.0,14.0,8.0,3.0,2.0,2.0,0.429,2.0,1.143,0.857
Darfur,4.0,0.0,69.0,0.0,0.0,3.0,1.0,30.0,0.0,0.0,7.0,1.0,99.0,0.0,0.0,7.0,0.0,0.143,14.143,-14.0
Yorkshire,5.0,19.0,7.0,4.0,1.0,2.0,8.0,4.0,1.0,0.0,7.0,27.0,11.0,5.0,1.0,1.0,0.714,3.857,1.571,2.286
Vatican City,3.0,2.0,4.0,0.0,2.0,3.0,2.0,13.0,0.0,0.0,6.0,4.0,17.0,0.0,2.0,4.0,0.0,0.667,2.833,-2.167
Romani people,2.0,1.0,5.0,0.0,0.0,4.0,9.0,20.0,1.0,0.0,6.0,10.0,25.0,1.0,0.0,5.0,0.167,1.667,4.167,-2.5
Luhansk PR,2.0,7.0,4.0,2.0,0.0,4.0,2.0,8.0,0.0,1.0,6.0,9.0,12.0,2.0,1.0,3.0,0.333,1.5,2.0,-0.5
Donetsk PR,2.0,5.0,2.0,1.0,1.0,4.0,3.0,5.0,1.0,1.0,6.0,8.0,7.0,2.0,2.0,2.0,0.333,1.333,1.167,0.167
Somaliland,3.0,9.0,7.0,1.0,1.0,3.0,5.0,13.0,1.0,0.0,6.0,14.0,20.0,2.0,1.0,3.0,0.333,2.333,3.333,-1.0
Two Sicilies,0.0,0.0,0.0,0.0,0.0,6.0,3.0,18.0,1.0,0.0,6.0,3.0,18.0,1.0,0.0,5.0,0.167,0.5,3.0,-2.5
Corsica,6.0,7.0,3.0,3.0,3.0,0.0,0.0,0.0,0.0,0.0,6.0,7.0,3.0,3.0,3.0,0.0,0.5,1.167,0.5,0.667
Kabylia,1.0,0.0,2.0,0.0,0.0,5.0,8.0,13.0,1.0,2.0,6.0,8.0,15.0,1.0,2.0,3.0,0.167,1.333,2.5,-1.167
Western Sahara,3.0,10.0,7.0,2.0,0.0,2.0,1.0,9.0,0.0,0.0,5.0,11.0,16.0,2.0,0.0,3.0,0.4,2.2,3.2,-1.0
Arameans Suryoye,2.0,1.0,4.0,0.0,1.0,3.0,8.0,2.0,3.0,0.0,5.0,9.0,6.0,3.0,1.0,1.0,0.6,1.8,1.2,0.6
Brittany,3.0,3.0,2.0,2.0,0.0,1.0,0.0,2.0,0.0,0.0,4.0,3.0,4.0,2.0,0.0,2.0,0.5,0.75,1.0,-0.25
Kiribati,2.0,2.0,34.0,0.0,0.0,2.0,0.0,12.0,0.0,0.0,4.0,2.0,46.0,0.0,0.0,4.0,0.0,0.5,11.5,-11.0
Franconia,1.0,4.0,2.0,1.0,0.0,2.0,4.0,9.0,1.0,0.0,3.0,8.0,11.0,2.0,0.0,1.0,0.667,2.667,3.667,-1.0
Parishes of Jersey,2.0,11.0,3.0,2.0,0.0,1.0,0.0,1.0,0.0,0.0,3.0,11.0,4.0,2.0,0.0,1.0,0.667,3.667,1.333,2.333
Biafra,2.0,1.0,1.0,1.0,0.0,1.0,1.0,0.0,1.0,0.0,3.0,2.0,1.0,2.0,0.0,1.0,0.667,0.667,0.333,0.333
Hmong,1.0,5.0,4.0,1.0,0.0,2.0,1.0,6.0,0.0,0.0,3.0,6.0,10.0,1.0,0.0,2.0,0.333,2.0,3.333,-1.333
Yoruba Nation,2.0,1.0,2.0,0.0,1.0,0.0,0.0,0.0,0.0,0.0,2.0,1.0,2.0,0.0,1.0,1.0,0.0,0.5,1.0,-0.5
Marshall Islands,1.0,0.0,4.0,0.0,0.0,1.0,2.0,3.0,0.0,0.0,2.0,2.0,7.0,0.0,0.0,2.0,0.0,1.0,3.5,-2.5
Mapuche,2.0,3.0,2.0,1.0,0.0,0.0,0.0,0.0,0.0,0.0,2.0,3.0,2.0,1.0,0.0,1.0,0.5,1.5,1.0,0.5
Ticino,1.0,1.0,8.0,0.0,0.0,1.0,1.0,5.0,0.0,0.0,2.0,2.0,13.0,0.0,0.0,2.0,0.0,1.0,6.5,-5.5
Maule Sur,0.0,0.0,0.0,0.0,0.0,2.0,2.0,0.0,2.0,0.0,2.0,2.0,0.0,2.0,0.0,0.0,1.0,1.0,0.0,1.0
Aymara,1.0,0.0,1.0,0.0,0.0,1.0,1.0,3.0,0.0,0.0,2.0,1.0,4.0,0.0,0.0,2.0,0.0,0.5,2.0,-1.5
Rhodes,1.0,2.0,1.0,1.0,0.0,1.0,0.0,2.0,0.0,0.0,2.0,2.0,3.0,1.0,0.0,1.0,0.5,1.0,1.5,-0.5
Kernow,2.0,7.0,1.0,2.0,0.0,0.0,0.0,0.0,0.0,0.0,2.0,7.0,1.0,2.0,0.0,0.0,1.0,3.5,0.5,3.0
Délvidék,2.0,4.0,3.0,1.0,0.0,0.0,0.0,0.0,0.0,0.0,2.0,4.0,3.0,1.0,0.0,1.0,0.5,2.0,1.5,0.5
Galicia,2.0,2.0,8.0,0.0,1.0,0.0,0.0,0.0,0.0,0.0,2.0,2.0,8.0,0.0,1.0,1.0,0.0,1.0,4.0,-3.0
Andalusia,0.0,0.0,0.0,0.0,0.0,1.0,2.0,1.0,1.0,0.0,1.0,2.0,1.0,1.0,0.0,0.0,1.0,2.0,1.0,1.0
West Papua,1.0,1.0,1.0,0.0,1.0,0.0,0.0,0.0,0.0,0.0,1.0,1.0,1.0,0.0,1.0,0.0,0.0,1.0,1.0,0.0
Ryūkyū,1.0,0.0,9.0,0.0,0.0,0.0,0.0,0.0,0.0,0.0,1.0,0.0,9.0,0.0,0.0,1.0,0.0,0.0,9.0,-9.0
Madrid,1.0,1.0,2.0,0.0,0.0,0.0,0.0,0.0,0.0,0.0,1.0,1.0,2.0,0.0,0.0,1.0,0.0,1.0,2.0,-1.0
Elba Island,1.0,5.0,0.0,1.0,0.0,0.0,0.0,0.0,0.0,0.0,1.0,5.0,0.0,1.0,0.0,0.0,1.0,5.0,0.0,5.0
Cilento,0.0,0.0,0.0,0.0,0.0,1.0,0.0,2.0,0.0,0.0,1.0,0.0,2.0,0.0,0.0,1.0,0.0,0.0,2.0,-2.0
Saugeais,1.0,1.0,1.0,0.0,1.0,0.0,0.0,0.0,0.0,0.0,1.0,1.0,1.0,0.0,1.0,0.0,0.0,1.0,1.0,0.0
Seborga,1.0,2.0,3.0,0.0,0.0,0.0,0.0,0.0,0.0,0.0,1.0,2.0,3.0,0.0,0.0,1.0,0.0,2.0,3.0,-1.0
Surrey,0.0,0.0,0.0,0.0,0.0,1.0,3.0,1.0,1.0,0.0,1.0,3.0,1.0,1.0,0.0,0.0,1.0,3.0,1.0,2.0
